,Place_name,Busy_hour,Rating_n,distance,place_url,price_range,rating,search_url
0,Vijay Juice Bar,,2,1.73 km,"https://www.google.com/maps/place/Vijay+Juice+Bar/@30.78938,76.515877/data=!4m2!3m1!1s0x390ffdadec20e9a3:0x52de43d17dab0f4a!10m1!4d76.515877",$,4.0,"https://www.google.de/search?tbm=map&tch=1&hl=en&q=['Vijay+Juice+Bar+QFRX+958',+'+Prem+Nagar',+'+Morinda']&oq=['Vijay+Juice+Bar+QFRX+958',+'+Prem+Nagar',+'+Morinda']&pb=!4m12!1m3!1d4005.9771522653964!2d-122.42072974863942!3d37.8077459796541!2m3!1f0!2f0!3f0!3m2!1i1125!2i976!4f13.1!7i20!10b1!12m6!2m3!5m1!6e2!20e3!10b1!16b1!19m3!2m2!1i392!2i106!20m61!2m2!1i203!2i100!3m2!2i4!5b1!6m6!1m2!1i86!2i86!1m2!1i408!2i200!7m46!1m3!1e1!2b0!3e3!1m3!1e2!2b1!3e2!1m3!1e2!2b0!3e3!1m3!1e3!2b0!3e3!1m3!1e4!2b0!3e3!1m3!1e8!2b0!3e3!1m3!1e3!2b1!3e2!1m3!1e9!2b1!3e2!1m3!1e10!2b0!3e3!1m3!1e10!2b1!3e2!1m3!1e10!2b0!3e4!2b1!4b1!9b0!22m6!1sa9fVWea_MsX8adX8j8AE%3A1!2zMWk6Mix0OjExODg3LGU6MSxwOmE5ZlZXZWFfTXNYOGFkWDhqOEFFOjE!7e81!12e3!17sa9fVWea_MsX8adX8j8AE%3A564!18e15!24m15!2b1!5m4!2b1!3b1!5b1!6b1!10m1!8e3!17b1!24b1!25b1!26b1!30m1!2b1!36b1!26m3!2m2!1i80!2i92!30m28!1m6!1m2!1i0!2i0!2m2!1i458!2i976!1m6!1m2!1i1075!2i0!2m2!1i1125!2i976!1m6!1m2!1i0!2i0!2m2!1i1125!2i20!1m6!1m2!1i0!2i956!2m2!1i1125!2i976!37m1!1e81!42b1!47m0!49m1!3b1"
1,kamal juice bar,,1,7.60 km,"https://www.google.com/maps/place/kamal+juice+bar/@30.78938,76.515877/data=!4m2!3m1!1s0x390ffb65dec6c795:0xf7904a64da9d4de8!10m1!4d76.515877",$,5.0,"https://www.google.de/search?tbm=map&tch=1&hl=en&q=['kamal+juice+bar+RHJH+6Q2',+'+Kurali']&oq=['kamal+juice+bar+RHJH+6Q2',+'+Kurali']&pb=!4m12!1m3!1d4005.9771522653964!2d-122.42072974863942!3d37.8077459796541!2m3!1f0!2f0!3f0!3m2!1i1125!2i976!4f13.1!7i20!10b1!12m6!2m3!5m1!6e2!20e3!10b1!16b1!19m3!2m2!1i392!2i106!20m61!2m2!1i203!2i100!3m2!2i4!5b1!6m6!1m2!1i86!2i86!1m2!1i408!2i200!7m46!1m3!1e1!2b0!3e3!1m3!1e2!2b1!3e2!1m3!1e2!2b0!3e3!1m3!1e3!2b0!3e3!1m3!1e4!2b0!3e3!1m3!1e8!2b0!3e3!1m3!1e3!2b1!3e2!1m3!1e9!2b1!3e2!1m3!1e10!2b0!3e3!1m3!1e10!2b1!3e2!1m3!1e10!2b0!3e4!2b1!4b1!9b0!22m6!1sa9fVWea_MsX8adX8j8AE%3A1!2zMWk6Mix0OjExODg3LGU6MSxwOmE5ZlZXZWFfTXNYOGFkWDhqOEFFOjE!7e81!12e3!17sa9fVWea_MsX8adX8j8AE%3A564!18e15!24m15!2b1!5m4!2b1!3b1!5b1!6b1!10m1!8e3!17b1!24b1!25b1!26b1!30m1!2b1!36b1!26m3!2m2!1i80!2i92!30m28!1m6!1m2!1i0!2i0!2m2!1i458!2i976!1m6!1m2!1i1075!2i0!2m2!1i1125!2i976!1m6!1m2!1i0!2i0!2m2!1i1125!2i20!1m6!1m2!1i0!2i956!2m2!1i1125!2i976!37m1!1e81!42b1!47m0!49m1!3b1"
2,WHITE HOUSE LUTHERI, 53,8,9.64 km,"https://www.google.com/maps/place/WHITE+HOUSE+LUTHERI/@30.78938,76.515877/data=!4m2!3m1!1s0x391001b027cc4791:0xfd05d93da26da97b!10m1!4d76.515877",$,5.0,https://www.google.de/search?tbm=map&tch=1&hl=en&q=['WHITE+HOUSE+LUTHERI+Lutheri']&oq=['WHITE+HOUSE+LUTHERI+Lutheri']&pb=!4m12!1m3!1d4005.9771522653964!2d-122.42072974863942!3d37.8077459796541!2m3!1f0!2f0!3f0!3m2!1i1125!2i976!4f13.1!7i20!10b1!12m6!2m3!5m1!6e2!20e3!10b1!16b1!19m3!2m2!1i392!2i106!20m61!2m2!1i203!2i100!3m2!2i4!5b1!6m6!1m2!1i86!2i86!1m2!1i408!2i200!7m46!1m3!1e1!2b0!3e3!1m3!1e2!2b1!3e2!1m3!1e2!2b0!3e3!1m3!1e3!2b0!3e3!1m3!1e4!2b0!3e3!1m3!1e8!2b0!3e3!1m3!1e3!2b1!3e2!1m3!1e9!2b1!3e2!1m3!1e10!2b0!3e3!1m3!1e10!2b1!3e2!1m3!1e10!2b0!3e4!2b1!4b1!9b0!22m6!1sa9fVWea_MsX8adX8j8AE%3A1!2zMWk6Mix0OjExODg3LGU6MSxwOmE5ZlZXZWFfTXNYOGFkWDhqOEFFOjE!7e81!12e3!17sa9fVWea_MsX8adX8j8AE%3A564!18e15!24m15!2b1!5m4!2b1!3b1!5b1!6b1!10m1!8e3!17b1!24b1!25b1!26b1!30m1!2b1!36b1!26m3!2m2!1i80!2i92!30m28!1m6!1m2!1i0!2i0!2m2!1i458!2i976!1m6!1m2!1i1075!2i0!2m2!1i1125!2i976!1m6!1m2!1i0!2i0!2m2!1i1125!2i20!1m6!1m2!1i0!2i956!2m2!1i1125!2i976!37m1!1e81!42b1!47m0!49m1!3b1
3,Share The Bear,,0,11.28 km,,$,0.0,"https://www.google.de/search?tbm=map&tch=1&hl=en&q=['Share+The+Bear+Flat+no.1',+'+Ek+Onkar+City',+'+Khanpur']&oq=['Share+The+Bear+Flat+no.1',+'+Ek+Onkar+City',+'+Khanpur']&pb=!4m12!1m3!1d4005.9771522653964!2d-122.42072974863942!3d37.8077459796541!2m3!1f0!2f0!3f0!3m2!1i1125!2i976!4f13.1!7i20!10b1!12m6!2m3!5m1!6e2!20e3!10b1!16b1!19m3!2m2!1i392!2i106!20m61!2m2!1i203!2i100!3m2!2i4!5b1!6m6!1m2!1i86!2i86!1m2!1i408!2i200!7m46!1m3!1e1!2b0!3e3!1m3!1e2!2b1!3e2!1m3!1e2!2b0!3e3!1m3!1e3!2b0!3e3!1m3!1e4!2b0!3e3!1m3!1e8!2b0!3e3!1m3!1e3!2b1!3e2!1m3!1e9!2b1!3e2!1m3!1e10!2b0!3e3!1m3!1e10!2b1!3e2!1m3!1e10!2b0!3e4!2b1!4b1!9b0!22m6!1sa9fVWea_MsX8adX8j8AE%3A1!2zMWk6Mix0OjExODg3LGU6MSxwOmE5ZlZXZWFfTXNYOGFkWDhqOEFFOjE!7e81!12e3!17sa9fVWea_MsX8adX8j8AE%3A564!18e15!24m15!2b1!5m4!2b1!3b1!5b1!6b1!10m1!8e3!17b1!24b1!25b1!26b1!30m1!2b1!36b1!26m3!2m2!1i80!2i92!30m28!1m6!1m2!1i0!2i0!2m2!1i458!2i976!1m6!1m2!1i1075!2i0!2m2!1i1125!2i976!1m6!1m2!1i0!2i0!2m2!1i1125!2i20!1m6!1m2!1i0!2i956!2m2!1i1125!2i976!37m1!1e81!42b1!47m0!49m1!3b1"
4,Mantash home, 50,0,14.13 km,"https://www.google.com/maps/place/Mantash+home/@30.78938,76.515877/data=!4m2!3m1!1s0x390ff1c25b520163:0x5c5c1a8eae1eb50c!10m1!4d76.515877",$,0.0,"https://www.google.de/search?tbm=map&tch=1&hl=en&q=['Mantash+home+House+No.+8481',+'+New+Green+Market',+'+Near',+'+Jhungian+Rd',+'+Jhungiyan',+'+Kharar']&oq=['Mantash+home+House+No.+8481',+'+New+Green+Market',+'+Near',+'+Jhungian+Rd',+'+Jhungiyan',+'+Kharar']&pb=!4m12!1m3!1d4005.9771522653964!2d-122.42072974863942!3d37.8077459796541!2m3!1f0!2f0!3f0!3m2!1i1125!2i976!4f13.1!7i20!10b1!12m6!2m3!5m1!6e2!20e3!10b1!16b1!19m3!2m2!1i392!2i106!20m61!2m2!1i203!2i100!3m2!2i4!5b1!6m6!1m2!1i86!2i86!1m2!1i408!2i200!7m46!1m3!1e1!2b0!3e3!1m3!1e2!2b1!3e2!1m3!1e2!2b0!3e3!1m3!1e3!2b0!3e3!1m3!1e4!2b0!3e3!1m3!1e8!2b0!3e3!1m3!1e3!2b1!3e2!1m3!1e9!2b1!3e2!1m3!1e10!2b0!3e3!1m3!1e10!2b1!3e2!1m3!1e10!2b0!3e4!2b1!4b1!9b0!22m6!1sa9fVWea_MsX8adX8j8AE%3A1!2zMWk6Mix0OjExODg3LGU6MSxwOmE5ZlZXZWFfTXNYOGFkWDhqOEFFOjE!7e81!12e3!17sa9fVWea_MsX8adX8j8AE%3A564!18e15!24m15!2b1!5m4!2b1!3b1!5b1!6b1!10m1!8e3!17b1!24b1!25b1!26b1!30m1!2b1!36b1!26m3!2m2!1i80!2i92!30m28!1m6!1m2!1i0!2i0!2m2!1i458!2i976!1m6!1m2!1i1075!2i0!2m2!1i1125!2i976!1m6!1m2!1i0!2i0!2m2!1i1125!2i20!1m6!1m2!1i0!2i956!2m2!1i1125!2i976!37m1!1e81!42b1!47m0!49m1!3b1"
5,OOTT (Out of The Town) Lounge & Bar,,86,14.27 km,"https://www.google.com/maps/place/OOTT+(Out+of+The+Town)+Lounge+%26+Bar/@30.78938,76.515877/data=!4m2!3m1!1s0x390fefe5a5c2dc47:0x4c7f453493620c96!10m1!4d76.515877",$,3.5,"https://www.google.de/search?tbm=map&tch=1&hl=en&q=['OOTT+(Out+of+The+Town)+Lounge+Bar+Chandigarh+Road',+'+Near+Havells+Gallaxy',+'+Mohali',+'+Kharar+Banur+Hwy',+'+Sector+127',+'+Sector+4',+'+Main+Bazar',+'+Sahibzada+Ajit+Singh+Nagar']&oq=['OOTT+(Out+of+The+Town)+Lounge+Bar+Chandigarh+Road',+'+Near+Havells+Gallaxy',+'+Mohali',+'+Kharar+Banur+Hwy',+'+Sector+127',+'+Sector+4',+'+Main+Bazar',+'+Sahibzada+Ajit+Singh+Nagar']&pb=!4m12!1m3!1d4005.9771522653964!2d-122.42072974863942!3d37.8077459796541!2m3!1f0!2f0!3f0!3m2!1i1125!2i976!4f13.1!7i20!10b1!12m6!2m3!5m1!6e2!20e3!10b1!16b1!19m3!2m2!1i392!2i106!20m61!2m2!1i203!2i100!3m2!2i4!5b1!6m6!1m2!1i86!2i86!1m2!1i408!2i200!7m46!1m3!1e1!2b0!3e3!1m3!1e2!2b1!3e2!1m3!1e2!2b0!3e3!1m3!1e3!2b0!3e3!1m3!1e4!2b0!3e3!1m3!1e8!2b0!3e3!1m3!1e3!2b1!3e2!1m3!1e9!2b1!3e2!1m3!1e10!2b0!3e3!1m3!1e10!2b1!3e2!1m3!1e10!2b0!3e4!2b1!4b1!9b0!22m6!1sa9fVWea_MsX8adX8j8AE%3A1!2zMWk6Mix0OjExODg3LGU6MSxwOmE5ZlZXZWFfTXNYOGFkWDhqOEFFOjE!7e81!12e3!17sa9fVWea_MsX8adX8j8AE%3A564!18e15!24m15!2b1!5m4!2b1!3b1!5b1!6b1!10m1!8e3!17b1!24b1!25b1!26b1!30m1!2b1!36b1!26m3!2m2!1i80!2i92!30m28!1m6!1m2!1i0!2i0!2m2!1i458!2i976!1m6!1m2!1i1075!2i0!2m2!1i1125!2i976!1m6!1m2!1i0!2i0!2m2!1i1125!2i20!1m6!1m2!1i0!2i956!2m2!1i1125!2i976!37m1!1e81!42b1!47m0!49m1!3b1"
6,mitu's bar, 55,5,14.39 km,"https://www.google.com/maps/place/mitu's+bar/@30.78938,76.515877/data=!4m2!3m1!1s0x390feff21bbc2c29:0xc3fd581911cf78df!10m1!4d76.515877",$,3.4,"https://www.google.de/search?tbm=map&tch=1&hl=en&q=[""mitu's+bar+PMM2+PP9"",+'+Sector+127',+'+Shivalik+City',+'+Kharar']&oq=[""mitu's+bar+PMM2+PP9"",+'+Sector+127',+'+Shivalik+City',+'+Kharar']&pb=!4m12!1m3!1d4005.9771522653964!2d-122.42072974863942!3d37.8077459796541!2m3!1f0!2f0!3f0!3m2!1i1125!2i976!4f13.1!7i20!10b1!12m6!2m3!5m1!6e2!20e3!10b1!16b1!19m3!2m2!1i392!2i106!20m61!2m2!1i203!2i100!3m2!2i4!5b1!6m6!1m2!1i86!2i86!1m2!1i408!2i200!7m46!1m3!1e1!2b0!3e3!1m3!1e2!2b1!3e2!1m3!1e2!2b0!3e3!1m3!1e3!2b0!3e3!1m3!1e4!2b0!3e3!1m3!1e8!2b0!3e3!1m3!1e3!2b1!3e2!1m3!1e9!2b1!3e2!1m3!1e10!2b0!3e3!1m3!1e10!2b1!3e2!1m3!1e10!2b0!3e4!2b1!4b1!9b0!22m6!1sa9fVWea_MsX8adX8j8AE%3A1!2zMWk6Mix0OjExODg3LGU6MSxwOmE5ZlZXZWFfTXNYOGFkWDhqOEFFOjE!7e81!12e3!17sa9fVWea_MsX8adX8j8AE%3A564!18e15!24m15!2b1!5m4!2b1!3b1!5b1!6b1!10m1!8e3!17b1!24b1!25b1!26b1!30m1!2b1!36b1!26m3!2m2!1i80!2i92!30m28!1m6!1m2!1i0!2i0!2m2!1i458!2i976!1m6!1m2!1i1075!2i0!2m2!1i1125!2i976!1m6!1m2!1i0!2i0!2m2!1i1125!2i20!1m6!1m2!1i0!2i956!2m2!1i1125!2i976!37m1!1e81!42b1!47m0!49m1!3b1"
7,Tamashaa Dekh,,0,17.28 km,,$,0.0,"https://www.google.de/search?tbm=map&tch=1&hl=en&q=['Tamashaa+Dekh+SCO+3-4',+'+Sector+79',+'+Airport+Rd',+'+Sahibzada+Ajit+Singh+Nagar']&oq=['Tamashaa+Dekh+SCO+3-4',+'+Sector+79',+'+Airport+Rd',+'+Sahibzada+Ajit+Singh+Nagar']&pb=!4m12!1m3!1d4005.9771522653964!2d-122.42072974863942!3d37.8077459796541!2m3!1f0!2f0!3f0!3m2!1i1125!2i976!4f13.1!7i20!10b1!12m6!2m3!5m1!6e2!20e3!10b1!16b1!19m3!2m2!1i392!2i106!20m61!2m2!1i203!2i100!3m2!2i4!5b1!6m6!1m2!1i86!2i86!1m2!1i408!2i200!7m46!1m3!1e1!2b0!3e3!1m3!1e2!2b1!3e2!1m3!1e2!2b0!3e3!1m3!1e3!2b0!3e3!1m3!1e4!2b0!3e3!1m3!1e8!2b0!3e3!1m3!1e3!2b1!3e2!1m3!1e9!2b1!3e2!1m3!1e10!2b0!3e3!1m3!1e10!2b1!3e2!1m3!1e10!2b0!3e4!2b1!4b1!9b0!22m6!1sa9fVWea_MsX8adX8j8AE%3A1!2zMWk6Mix0OjExODg3LGU6MSxwOmE5ZlZXZWFfTXNYOGFkWDhqOEFFOjE!7e81!12e3!17sa9fVWea_MsX8adX8j8AE%3A564!18e15!24m15!2b1!5m4!2b1!3b1!5b1!6b1!10m1!8e3!17b1!24b1!25b1!26b1!30m1!2b1!36b1!26m3!2m2!1i80!2i92!30m28!1m6!1m2!1i0!2i0!2m2!1i458!2i976!1m6!1m2!1i1075!2i0!2m2!1i1125!2i976!1m6!1m2!1i0!2i0!2m2!1i1125!2i20!1m6!1m2!1i0!2i956!2m2!1i1125!2i976!37m1!1e81!42b1!47m0!49m1!3b1"
8,Maharaja Snacks N Bar, 9,57,17.73 km,"https://www.google.com/maps/place/Maharaja+Snacks+N+Bar/@30.78938,76.515877/data=!4m2!3m1!1s0x390fef79193a58c5:0x7451e26dbde9aa6f!10m1!4d76.515877",$,4.2,"https://www.google.de/search?tbm=map&tch=1&hl=en&q=['Maharaja+Snacks+N+Bar+PMFM+GW8',+'+Sector+119',+'+Sahibzada+Ajit+Singh+Nagar']&oq=['Maharaja+Snacks+N+Bar+PMFM+GW8',+'+Sector+119',+'+Sahibzada+Ajit+Singh+Nagar']&pb=!4m12!1m3!1d4005.9771522653964!2d-122.42072974863942!3d37.8077459796541!2m3!1f0!2f0!3f0!3m2!1i1125!2i976!4f13.1!7i20!10b1!12m6!2m3!5m1!6e2!20e3!10b1!16b1!19m3!2m2!1i392!2i106!20m61!2m2!1i203!2i100!3m2!2i4!5b1!6m6!1m2!1i86!2i86!1m2!1i408!2i200!7m46!1m3!1e1!2b0!3e3!1m3!1e2!2b1!3e2!1m3!1e2!2b0!3e3!1m3!1e3!2b0!3e3!1m3!1e4!2b0!3e3!1m3!1e8!2b0!3e3!1m3!1e3!2b1!3e2!1m3!1e9!2b1!3e2!1m3!1e10!2b0!3e3!1m3!1e10!2b1!3e2!1m3!1e10!2b0!3e4!2b1!4b1!9b0!22m6!1sa9fVWea_MsX8adX8j8AE%3A1!2zMWk6Mix0OjExODg3LGU6MSxwOmE5ZlZXZWFfTXNYOGFkWDhqOEFFOjE!7e81!12e3!17sa9fVWea_MsX8adX8j8AE%3A564!18e15!24m15!2b1!5m4!2b1!3b1!5b1!6b1!10m1!8e3!17b1!24b1!25b1!26b1!30m1!2b1!36b1!26m3!2m2!1i80!2i92!30m28!1m6!1m2!1i0!2i0!2m2!1i458!2i976!1m6!1m2!1i1075!2i0!2m2!1i1125!2i976!1m6!1m2!1i0!2i0!2m2!1i1125!2i20!1m6!1m2!1i0!2i956!2m2!1i1125!2i976!37m1!1e81!42b1!47m0!49m1!3b1"
9,Tavern mohali nights,,10,20.41 km,"https://www.google.com/maps/place/Tavern+mohali+nights/@30.78938,76.515877/data=!4m2!3m1!1s0x390fee67243bf169:0x855b5c0cbf78e3ef!10m1!4d76.515877",$,4.5,"https://www.google.de/search?tbm=map&tch=1&hl=en&q=['Tavern+mohali+nights+1857',+'+Mohali+Stadium+Rd',+'+Phase+5',+'+Sector+59',+'+Sahibzada+Ajit+Singh+Nagar']&oq=['Tavern+mohali+nights+1857',+'+Mohali+Stadium+Rd',+'+Phase+5',+'+Sector+59',+'+Sahibzada+Ajit+Singh+Nagar']&pb=!4m12!1m3!1d4005.9771522653964!2d-122.42072974863942!3d37.8077459796541!2m3!1f0!2f0!3f0!3m2!1i1125!2i976!4f13.1!7i20!10b1!12m6!2m3!5m1!6e2!20e3!10b1!16b1!19m3!2m2!1i392!2i106!20m61!2m2!1i203!2i100!3m2!2i4!5b1!6m6!1m2!1i86!2i86!1m2!1i408!2i200!7m46!1m3!1e1!2b0!3e3!1m3!1e2!2b1!3e2!1m3!1e2!2b0!3e3!1m3!1e3!2b0!3e3!1m3!1e4!2b0!3e3!1m3!1e8!2b0!3e3!1m3!1e3!2b1!3e2!1m3!1e9!2b1!3e2!1m3!1e10!2b0!3e3!1m3!1e10!2b1!3e2!1m3!1e10!2b0!3e4!2b1!4b1!9b0!22m6!1sa9fVWea_MsX8adX8j8AE%3A1!2zMWk6Mix0OjExODg3LGU6MSxwOmE5ZlZXZWFfTXNYOGFkWDhqOEFFOjE!7e81!12e3!17sa9fVWea_MsX8adX8j8AE%3A564!18e15!24m15!2b1!5m4!2b1!3b1!5b1!6b1!10m1!8e3!17b1!24b1!25b1!26b1!30m1!2b1!36b1!26m3!2m2!1i80!2i92!30m28!1m6!1m2!1i0!2i0!2m2!1i458!2i976!1m6!1m2!1i1075!2i0!2m2!1i1125!2i976!1m6!1m2!1i0!2i0!2m2!1i1125!2i20!1m6!1m2!1i0!2i956!2m2!1i1125!2i976!37m1!1e81!42b1!47m0!49m1!3b1"
10,Robins 69 Bar, 5,20,22.13 km,"https://www.google.com/maps/place/Robins+69+Bar/@30.78938,76.515877/data=!4m2!3m1!1s0x390fef0c1a4a518b:0x55a397ee1cae8a19!10m1!4d76.515877",$,3.9,"https://www.google.de/search?tbm=map&tch=1&hl=en&q=['Robins+69+Bar+1126',+'+Himalaya+Marg',+'+Sector+69',+'+Sahibzada+Ajit+Singh+Nagar']&oq=['Robins+69+Bar+1126',+'+Himalaya+Marg',+'+Sector+69',+'+Sahibzada+Ajit+Singh+Nagar']&pb=!4m12!1m3!1d4005.9771522653964!2d-122.42072974863942!3d37.8077459796541!2m3!1f0!2f0!3f0!3m2!1i1125!2i976!4f13.1!7i20!10b1!12m6!2m3!5m1!6e2!20e3!10b1!16b1!19m3!2m2!1i392!2i106!20m61!2m2!1i203!2i100!3m2!2i4!5b1!6m6!1m2!1i86!2i86!1m2!1i408!2i200!7m46!1m3!1e1!2b0!3e3!1m3!1e2!2b1!3e2!1m3!1e2!2b0!3e3!1m3!1e3!2b0!3e3!1m3!1e4!2b0!3e3!1m3!1e8!2b0!3e3!1m3!1e3!2b1!3e2!1m3!1e9!2b1!3e2!1m3!1e10!2b0!3e3!1m3!1e10!2b1!3e2!1m3!1e10!2b0!3e4!2b1!4b1!9b0!22m6!1sa9fVWea_MsX8adX8j8AE%3A1!2zMWk6Mix0OjExODg3LGU6MSxwOmE5ZlZXZWFfTXNYOGFkWDhqOEFFOjE!7e81!12e3!17sa9fVWea_MsX8adX8j8AE%3A564!18e15!24m15!2b1!5m4!2b1!3b1!5b1!6b1!10m1!8e3!17b1!24b1!25b1!26b1!30m1!2b1!36b1!26m3!2m2!1i80!2i92!30m28!1m6!1m2!1i0!2i0!2m2!1i458!2i976!1m6!1m2!1i1075!2i0!2m2!1i1125!2i976!1m6!1m2!1i0!2i0!2m2!1i1125!2i20!1m6!1m2!1i0!2i956!2m2!1i1125!2i976!37m1!1e81!42b1!47m0!49m1!3b1"
11,AC Tarven 69 Mohali,,0,22.13 km,"https://www.google.com/maps/place/AC+Tarven+69+Mohali/@30.78938,76.515877/data=!4m2!3m1!1s0x390fef40c80a1c5d:0xe485905c9915a98d!10m1!4d76.515877",$,0.0,"https://www.google.de/search?tbm=map&tch=1&hl=en&q=['AC+Tarven+69+Mohali+1126',+'+Himalaya+Marg',+'+Sector+69',+'+Sahibzada+Ajit+Singh+Nagar']&oq=['AC+Tarven+69+Mohali+1126',+'+Himalaya+Marg',+'+Sector+69',+'+Sahibzada+Ajit+Singh+Nagar']&pb=!4m12!1m3!1d4005.9771522653964!2d-122.42072974863942!3d37.8077459796541!2m3!1f0!2f0!3f0!3m2!1i1125!2i976!4f13.1!7i20!10b1!12m6!2m3!5m1!6e2!20e3!10b1!16b1!19m3!2m2!1i392!2i106!20m61!2m2!1i203!2i100!3m2!2i4!5b1!6m6!1m2!1i86!2i86!1m2!1i408!2i200!7m46!1m3!1e1!2b0!3e3!1m3!1e2!2b1!3e2!1m3!1e2!2b0!3e3!1m3!1e3!2b0!3e3!1m3!1e4!2b0!3e3!1m3!1e8!2b0!3e3!1m3!1e3!2b1!3e2!1m3!1e9!2b1!3e2!1m3!1e10!2b0!3e3!1m3!1e10!2b1!3e2!1m3!1e10!2b0!3e4!2b1!4b1!9b0!22m6!1sa9fVWea_MsX8adX8j8AE%3A1!2zMWk6Mix0OjExODg3LGU6MSxwOmE5ZlZXZWFfTXNYOGFkWDhqOEFFOjE!7e81!12e3!17sa9fVWea_MsX8adX8j8AE%3A564!18e15!24m15!2b1!5m4!2b1!3b1!5b1!6b1!10m1!8e3!17b1!24b1!25b1!26b1!30m1!2b1!36b1!26m3!2m2!1i80!2i92!30m28!1m6!1m2!1i0!2i0!2m2!1i458!2i976!1m6!1m2!1i1075!2i0!2m2!1i1125!2i976!1m6!1m2!1i0!2i0!2m2!1i1125!2i20!1m6!1m2!1i0!2i956!2m2!1i1125!2i976!37m1!1e81!42b1!47m0!49m1!3b1"
12,Wild West Pub and Bar, 11,308,24.93 km,"https://www.google.com/maps/place/Wild+West+Pub+and+Bar/@30.78938,76.515877/data=!4m2!3m1!1s0x390fedb177c23ff1:0x6651e36c3164931a!10m1!4d76.515877",$,4.1,"https://www.google.de/search?tbm=map&tch=1&hl=en&q=['Wild+West+Pub+and+Bar+SCO:+333+334',+'+35B',+'+Sector+35',+'+Chandigarh']&oq=['Wild+West+Pub+and+Bar+SCO:+333+334',+'+35B',+'+Sector+35',+'+Chandigarh']&pb=!4m12!1m3!1d4005.9771522653964!2d-122.42072974863942!3d37.8077459796541!2m3!1f0!2f0!3f0!3m2!1i1125!2i976!4f13.1!7i20!10b1!12m6!2m3!5m1!6e2!20e3!10b1!16b1!19m3!2m2!1i392!2i106!20m61!2m2!1i203!2i100!3m2!2i4!5b1!6m6!1m2!1i86!2i86!1m2!1i408!2i200!7m46!1m3!1e1!2b0!3e3!1m3!1e2!2b1!3e2!1m3!1e2!2b0!3e3!1m3!1e3!2b0!3e3!1m3!1e4!2b0!3e3!1m3!1e8!2b0!3e3!1m3!1e3!2b1!3e2!1m3!1e9!2b1!3e2!1m3!1e10!2b0!3e3!1m3!1e10!2b1!3e2!1m3!1e10!2b0!3e4!2b1!4b1!9b0!22m6!1sa9fVWea_MsX8adX8j8AE%3A1!2zMWk6Mix0OjExODg3LGU6MSxwOmE5ZlZXZWFfTXNYOGFkWDhqOEFFOjE!7e81!12e3!17sa9fVWea_MsX8adX8j8AE%3A564!18e15!24m15!2b1!5m4!2b1!3b1!5b1!6b1!10m1!8e3!17b1!24b1!25b1!26b1!30m1!2b1!36b1!26m3!2m2!1i80!2i92!30m28!1m6!1m2!1i0!2i0!2m2!1i458!2i976!1m6!1m2!1i1075!2i0!2m2!1i1125!2i976!1m6!1m2!1i0!2i0!2m2!1i1125!2i20!1m6!1m2!1i0!2i956!2m2!1i1125!2i976!37m1!1e81!42b1!47m0!49m1!3b1"
13,"Pablo 34, Lounge | Bar | Nightclub & Restaurant In Chandigarh", 26,212,25.19 km,"https://www.google.com/maps/place/Pablo+34,+Lounge+%7C+Bar+%7C+Nightclub+%26+Restaurant+In+Chandigarh/@30.78938,76.515877/data=!4m2!3m1!1s0x390fed17bb159dc7:0xca3e6e09e748d29f!10m1!4d76.515877",$,4.3,"https://www.google.de/search?tbm=map&tch=1&hl=en&q=['Pablo+34',+'+Lounge+|+Bar+|+Nightclub+Restaurant+In+Chandigarh+Ground+Floor',+'+Piccadily+Square+Mall',+'+Sub.+City+Center',+'+Sector+34A',+'+Sector+34',+'+Chandigarh']&oq=['Pablo+34',+'+Lounge+|+Bar+|+Nightclub+Restaurant+In+Chandigarh+Ground+Floor',+'+Piccadily+Square+Mall',+'+Sub.+City+Center',+'+Sector+34A',+'+Sector+34',+'+Chandigarh']&pb=!4m12!1m3!1d4005.9771522653964!2d-122.42072974863942!3d37.8077459796541!2m3!1f0!2f0!3f0!3m2!1i1125!2i976!4f13.1!7i20!10b1!12m6!2m3!5m1!6e2!20e3!10b1!16b1!19m3!2m2!1i392!2i106!20m61!2m2!1i203!2i100!3m2!2i4!5b1!6m6!1m2!1i86!2i86!1m2!1i408!2i200!7m46!1m3!1e1!2b0!3e3!1m3!1e2!2b1!3e2!1m3!1e2!2b0!3e3!1m3!1e3!2b0!3e3!1m3!1e4!2b0!3e3!1m3!1e8!2b0!3e3!1m3!1e3!2b1!3e2!1m3!1e9!2b1!3e2!1m3!1e10!2b0!3e3!1m3!1e10!2b1!3e2!1m3!1e10!2b0!3e4!2b1!4b1!9b0!22m6!1sa9fVWea_MsX8adX8j8AE%3A1!2zMWk6Mix0OjExODg3LGU6MSxwOmE5ZlZXZWFfTXNYOGFkWDhqOEFFOjE!7e81!12e3!17sa9fVWea_MsX8adX8j8AE%3A564!18e15!24m15!2b1!5m4!2b1!3b1!5b1!6b1!10m1!8e3!17b1!24b1!25b1!26b1!30m1!2b1!36b1!26m3!2m2!1i80!2i92!30m28!1m6!1m2!1i0!2i0!2m2!1i458!2i976!1m6!1m2!1i1075!2i0!2m2!1i1125!2i976!1m6!1m2!1i0!2i0!2m2!1i1125!2i20!1m6!1m2!1i0!2i956!2m2!1i1125!2i976!37m1!1e81!42b1!47m0!49m1!3b1"
14,"The Hype cafe,bar,Lounge & nightclub",,19,25.59 km,,$,4.9,"https://www.google.de/search?tbm=map&tch=1&hl=en&q=['The+Hype+cafe',+'bar',+'Lounge+nightclub+SCO+48-49',+'+Sector+82',+'+JLPL+Industrial+Area',+'+Sahibzada+Ajit+Singh+Nagar']&oq=['The+Hype+cafe',+'bar',+'Lounge+nightclub+SCO+48-49',+'+Sector+82',+'+JLPL+Industrial+Area',+'+Sahibzada+Ajit+Singh+Nagar']&pb=!4m12!1m3!1d4005.9771522653964!2d-122.42072974863942!3d37.8077459796541!2m3!1f0!2f0!3f0!3m2!1i1125!2i976!4f13.1!7i20!10b1!12m6!2m3!5m1!6e2!20e3!10b1!16b1!19m3!2m2!1i392!2i106!20m61!2m2!1i203!2i100!3m2!2i4!5b1!6m6!1m2!1i86!2i86!1m2!1i408!2i200!7m46!1m3!1e1!2b0!3e3!1m3!1e2!2b1!3e2!1m3!1e2!2b0!3e3!1m3!1e3!2b0!3e3!1m3!1e4!2b0!3e3!1m3!1e8!2b0!3e3!1m3!1e3!2b1!3e2!1m3!1e9!2b1!3e2!1m3!1e10!2b0!3e3!1m3!1e10!2b1!3e2!1m3!1e10!2b0!3e4!2b1!4b1!9b0!22m6!1sa9fVWea_MsX8adX8j8AE%3A1!2zMWk6Mix0OjExODg3LGU6MSxwOmE5ZlZXZWFfTXNYOGFkWDhqOEFFOjE!7e81!12e3!17sa9fVWea_MsX8adX8j8AE%3A564!18e15!24m15!2b1!5m4!2b1!3b1!5b1!6b1!10m1!8e3!17b1!24b1!25b1!26b1!30m1!2b1!36b1!26m3!2m2!1i80!2i92!30m28!1m6!1m2!1i0!2i0!2m2!1i458!2i976!1m6!1m2!1i1075!2i0!2m2!1i1125!2i976!1m6!1m2!1i0!2i0!2m2!1i1125!2i20!1m6!1m2!1i0!2i956!2m2!1i1125!2i976!37m1!1e81!42b1!47m0!49m1!3b1"
15,Chandigarh Dance Night Club,,1,25.99 km,,$,4.0,"https://www.google.de/search?tbm=map&tch=1&hl=en&q=['Chandigarh+Dance+Night+Club+Dance+Night+Club',+'+Sector+18D',+'+Sector+18',+'+Chandigarh']&oq=['Chandigarh+Dance+Night+Club+Dance+Night+Club',+'+Sector+18D',+'+Sector+18',+'+Chandigarh']&pb=!4m12!1m3!1d4005.9771522653964!2d-122.42072974863942!3d37.8077459796541!2m3!1f0!2f0!3f0!3m2!1i1125!2i976!4f13.1!7i20!10b1!12m6!2m3!5m1!6e2!20e3!10b1!16b1!19m3!2m2!1i392!2i106!20m61!2m2!1i203!2i100!3m2!2i4!5b1!6m6!1m2!1i86!2i86!1m2!1i408!2i200!7m46!1m3!1e1!2b0!3e3!1m3!1e2!2b1!3e2!1m3!1e2!2b0!3e3!1m3!1e3!2b0!3e3!1m3!1e4!2b0!3e3!1m3!1e8!2b0!3e3!1m3!1e3!2b1!3e2!1m3!1e9!2b1!3e2!1m3!1e10!2b0!3e3!1m3!1e10!2b1!3e2!1m3!1e10!2b0!3e4!2b1!4b1!9b0!22m6!1sa9fVWea_MsX8adX8j8AE%3A1!2zMWk6Mix0OjExODg3LGU6MSxwOmE5ZlZXZWFfTXNYOGFkWDhqOEFFOjE!7e81!12e3!17sa9fVWea_MsX8adX8j8AE%3A564!18e15!24m15!2b1!5m4!2b1!3b1!5b1!6b1!10m1!8e3!17b1!24b1!25b1!26b1!30m1!2b1!36b1!26m3!2m2!1i80!2i92!30m28!1m6!1m2!1i0!2i0!2m2!1i458!2i976!1m6!1m2!1i1075!2i0!2m2!1i1125!2i976!1m6!1m2!1i0!2i0!2m2!1i1125!2i20!1m6!1m2!1i0!2i956!2m2!1i1125!2i976!37m1!1e81!42b1!47m0!49m1!3b1"
16,Poison - Lounge | Bar | Nightclub- Club In Chandigarh- Night Club In Chandigarh, 20,873,26.20 km,"https://www.google.com/maps/place/Poison+-+Lounge+%7C+Bar+%7C+Nightclub-+Club+In+Chandigarh-+Night+Club+In+Chandigarh/@30.78938,76.515877/data=!4m2!3m1!1s0x390fed3c88648be1:0x98e58f203ef787ca!10m1!4d76.515877",$,4.2,"https://www.google.de/search?tbm=map&tch=1&hl=en&q=['Poison+-+Lounge+|+Bar+|+Nightclub-+Club+In+Chandigarh-+Night+Club+In+Chandigarh+SCO+45',+'+46+47',+'+Sector+17A',+'+17D',+'+Sector+17',+'+Chandigarh']&oq=['Poison+-+Lounge+|+Bar+|+Nightclub-+Club+In+Chandigarh-+Night+Club+In+Chandigarh+SCO+45',+'+46+47',+'+Sector+17A',+'+17D',+'+Sector+17',+'+Chandigarh']&pb=!4m12!1m3!1d4005.9771522653964!2d-122.42072974863942!3d37.8077459796541!2m3!1f0!2f0!3f0!3m2!1i1125!2i976!4f13.1!7i20!10b1!12m6!2m3!5m1!6e2!20e3!10b1!16b1!19m3!2m2!1i392!2i106!20m61!2m2!1i203!2i100!3m2!2i4!5b1!6m6!1m2!1i86!2i86!1m2!1i408!2i200!7m46!1m3!1e1!2b0!3e3!1m3!1e2!2b1!3e2!1m3!1e2!2b0!3e3!1m3!1e3!2b0!3e3!1m3!1e4!2b0!3e3!1m3!1e8!2b0!3e3!1m3!1e3!2b1!3e2!1m3!1e9!2b1!3e2!1m3!1e10!2b0!3e3!1m3!1e10!2b1!3e2!1m3!1e10!2b0!3e4!2b1!4b1!9b0!22m6!1sa9fVWea_MsX8adX8j8AE%3A1!2zMWk6Mix0OjExODg3LGU6MSxwOmE5ZlZXZWFfTXNYOGFkWDhqOEFFOjE!7e81!12e3!17sa9fVWea_MsX8adX8j8AE%3A564!18e15!24m15!2b1!5m4!2b1!3b1!5b1!6b1!10m1!8e3!17b1!24b1!25b1!26b1!30m1!2b1!36b1!26m3!2m2!1i80!2i92!30m28!1m6!1m2!1i0!2i0!2m2!1i458!2i976!1m6!1m2!1i1075!2i0!2m2!1i1125!2i976!1m6!1m2!1i0!2i0!2m2!1i1125!2i20!1m6!1m2!1i0!2i956!2m2!1i1125!2i976!37m1!1e81!42b1!47m0!49m1!3b1"
17,Space Bar & Lounge,,169,26.42 km,,$,4.2,"https://www.google.de/search?tbm=map&tch=1&hl=en&q=['Space+Bar+Lounge+SCO+202-203-204',+'+Andhra+Bank+Building',+'+Bridge+Road',+'+Sector+17-C',+'+Chandigarh']&oq=['Space+Bar+Lounge+SCO+202-203-204',+'+Andhra+Bank+Building',+'+Bridge+Road',+'+Sector+17-C',+'+Chandigarh']&pb=!4m12!1m3!1d4005.9771522653964!2d-122.42072974863942!3d37.8077459796541!2m3!1f0!2f0!3f0!3m2!1i1125!2i976!4f13.1!7i20!10b1!12m6!2m3!5m1!6e2!20e3!10b1!16b1!19m3!2m2!1i392!2i106!20m61!2m2!1i203!2i100!3m2!2i4!5b1!6m6!1m2!1i86!2i86!1m2!1i408!2i200!7m46!1m3!1e1!2b0!3e3!1m3!1e2!2b1!3e2!1m3!1e2!2b0!3e3!1m3!1e3!2b0!3e3!1m3!1e4!2b0!3e3!1m3!1e8!2b0!3e3!1m3!1e3!2b1!3e2!1m3!1e9!2b1!3e2!1m3!1e10!2b0!3e3!1m3!1e10!2b1!3e2!1m3!1e10!2b0!3e4!2b1!4b1!9b0!22m6!1sa9fVWea_MsX8adX8j8AE%3A1!2zMWk6Mix0OjExODg3LGU6MSxwOmE5ZlZXZWFfTXNYOGFkWDhqOEFFOjE!7e81!12e3!17sa9fVWea_MsX8adX8j8AE%3A564!18e15!24m15!2b1!5m4!2b1!3b1!5b1!6b1!10m1!8e3!17b1!24b1!25b1!26b1!30m1!2b1!36b1!26m3!2m2!1i80!2i92!30m28!1m6!1m2!1i0!2i0!2m2!1i458!2i976!1m6!1m2!1i1075!2i0!2m2!1i1125!2i976!1m6!1m2!1i0!2i0!2m2!1i1125!2i20!1m6!1m2!1i0!2i956!2m2!1i1125!2i976!37m1!1e81!42b1!47m0!49m1!3b1"
18,Terminal 7,,422,28.10 km,"https://www.google.com/maps/place/Terminal+7/@30.78938,76.515877/data=!4m2!3m1!1s0x390fedcfa96251c9:0x98e174b354542f9b!10m1!4d76.515877",$,4.3,"https://www.google.de/search?tbm=map&tch=1&hl=en&q=['Terminal+7+Entry+Backside',+'+SCO+35',+'+Madhya+Marg',+'+Sector+7-C',+'+Sector+34',+'+Chandigarh']&oq=['Terminal+7+Entry+Backside',+'+SCO+35',+'+Madhya+Marg',+'+Sector+7-C',+'+Sector+34',+'+Chandigarh']&pb=!4m12!1m3!1d4005.9771522653964!2d-122.42072974863942!3d37.8077459796541!2m3!1f0!2f0!3f0!3m2!1i1125!2i976!4f13.1!7i20!10b1!12m6!2m3!5m1!6e2!20e3!10b1!16b1!19m3!2m2!1i392!2i106!20m61!2m2!1i203!2i100!3m2!2i4!5b1!6m6!1m2!1i86!2i86!1m2!1i408!2i200!7m46!1m3!1e1!2b0!3e3!1m3!1e2!2b1!3e2!1m3!1e2!2b0!3e3!1m3!1e3!2b0!3e3!1m3!1e4!2b0!3e3!1m3!1e8!2b0!3e3!1m3!1e3!2b1!3e2!1m3!1e9!2b1!3e2!1m3!1e10!2b0!3e3!1m3!1e10!2b1!3e2!1m3!1e10!2b0!3e4!2b1!4b1!9b0!22m6!1sa9fVWea_MsX8adX8j8AE%3A1!2zMWk6Mix0OjExODg3LGU6MSxwOmE5ZlZXZWFfTXNYOGFkWDhqOEFFOjE!7e81!12e3!17sa9fVWea_MsX8adX8j8AE%3A564!18e15!24m15!2b1!5m4!2b1!3b1!5b1!6b1!10m1!8e3!17b1!24b1!25b1!26b1!30m1!2b1!36b1!26m3!2m2!1i80!2i92!30m28!1m6!1m2!1i0!2i0!2m2!1i458!2i976!1m6!1m2!1i1075!2i0!2m2!1i1125!2i976!1m6!1m2!1i0!2i0!2m2!1i1125!2i20!1m6!1m2!1i0!2i956!2m2!1i1125!2i976!37m1!1e81!42b1!47m0!49m1!3b1"
19,The Black, 77,87,28.38 km,"https://www.google.com/maps/place/The+Black/@30.78938,76.515877/data=!4m2!3m1!1s0x390feded7d8a64e3:0x2b26726e82ea2641!10m1!4d76.515877",$,4.0,"https://www.google.de/search?tbm=map&tch=1&hl=en&q=['The+Black+Frontside+Entry',+'+SCO+22',+'+Madhya+Marg',+'+Sector+26',+'+Chandigarh']&oq=['The+Black+Frontside+Entry',+'+SCO+22',+'+Madhya+Marg',+'+Sector+26',+'+Chandigarh']&pb=!4m12!1m3!1d4005.9771522653964!2d-122.42072974863942!3d37.8077459796541!2m3!1f0!2f0!3f0!3m2!1i1125!2i976!4f13.1!7i20!10b1!12m6!2m3!5m1!6e2!20e3!10b1!16b1!19m3!2m2!1i392!2i106!20m61!2m2!1i203!2i100!3m2!2i4!5b1!6m6!1m2!1i86!2i86!1m2!1i408!2i200!7m46!1m3!1e1!2b0!3e3!1m3!1e2!2b1!3e2!1m3!1e2!2b0!3e3!1m3!1e3!2b0!3e3!1m3!1e4!2b0!3e3!1m3!1e8!2b0!3e3!1m3!1e3!2b1!3e2!1m3!1e9!2b1!3e2!1m3!1e10!2b0!3e3!1m3!1e10!2b1!3e2!1m3!1e10!2b0!3e4!2b1!4b1!9b0!22m6!1sa9fVWea_MsX8adX8j8AE%3A1!2zMWk6Mix0OjExODg3LGU6MSxwOmE5ZlZXZWFfTXNYOGFkWDhqOEFFOjE!7e81!12e3!17sa9fVWea_MsX8adX8j8AE%3A564!18e15!24m15!2b1!5m4!2b1!3b1!5b1!6b1!10m1!8e3!17b1!24b1!25b1!26b1!30m1!2b1!36b1!26m3!2m2!1i80!2i92!30m28!1m6!1m2!1i0!2i0!2m2!1i458!2i976!1m6!1m2!1i1075!2i0!2m2!1i1125!2i976!1m6!1m2!1i0!2i0!2m2!1i1125!2i20!1m6!1m2!1i0!2i956!2m2!1i1125!2i976!37m1!1e81!42b1!47m0!49m1!3b1"
